<?xml version="1.0" encoding="utf-8" ?><dwsync><file name="bxslider.css" server="fitcoach.mx" local="3532909439" remote="318763443925805951" Dst="-1" /><file name="font-awesome.min.css" server="fitcoach.mx" local="3503408354" remote="318763443925805952" Dst="-1" /><file name="adaptive.css" server="fitcoach.mx" local="3532987536" remote="318763443925888992" Dst="-1" /><file name="fullcalendar.print.css" server="fitcoach.mx" local="3507405582" remote="318763443925805952" Dst="-1" /><file name="fullcalendar.css" server="fitcoach.mx" local="3507405582" remote="318763443925805952" Dst="-1" /><file name="selectric.css" server="fitcoach.mx" local="3508958240" remote="318763443925805952" Dst="-1" /><file name="sprite.css" server="fitcoach.mx" local="3509043790" remote="318763443925805952" Dst="-1" /><file name="contactstyle.css" server="fitcoach.mx" local="3533018982" remote="318763443925895172" Dst="-1" /><file name="contactstyle.css" server="home592258243.1and1-data.host//" local="3533018982" remote="3573477195" Dst="-1" /></dwsync>