<?xml version="1.0" encoding="utf-8" ?><dwsync><file name="fit52a.jpg" server="fitcoach.mx" local="3533782188" remote="318763443926679672" Dst="-1" /><file name="zumbaa.jpg" server="fitcoach.mx" local="3534267519" remote="318763443928354152" Dst="-1" /><file name="yogaa.jpg" server="fitcoach.mx" local="3534267485" remote="318763443928354152" Dst="-1" /><file name="volleya.jpg" server="fitcoach.mx" local="3534267567" remote="318763443928354152" Dst="-1" /><file name="tenisa.jpg" server="fitcoach.mx" local="3534268136" remote="318763443928354152" Dst="-1" /><file name="taekwondoa.jpg" server="fitcoach.mx" local="3534267934" remote="318763443928354152" Dst="-1" /><file name="stretchinga.jpg" server="fitcoach.mx" local="3534267603" remote="318763443928354152" Dst="-1" /><file name="spinninga.jpg" server="fitcoach.mx" local="3534267621" remote="318763443928354152" Dst="-1" /><file name="rip60a.jpg" server="fitcoach.mx" local="3534267613" remote="318763443928354152" Dst="-1" /><file name="pilatesa.jpg" server="fitcoach.mx" local="3534267530" remote="318763443928354152" Dst="-1" /><file name="nataciona.jpg" server="fitcoach.mx" local="3534267899" remote="318763443928354152" Dst="-1" /><file name="jazza.jpg" server="fitcoach.mx" local="3534267539" remote="318763443928354212" Dst="-1" /><file name="futbola.jpg" server="fitcoach.mx" local="3534267509" remote="318763443928354212" Dst="-1" /><file name="fitnessa.jpg" server="fitcoach.mx" local="3534267474" remote="318763443928354212" Dst="-1" /><file name="corredoresa.jpg" server="fitcoach.mx" local="3534267594" remote="318763443928354212" Dst="-1" /><file name="ciclismoa.jpg" server="fitcoach.mx" local="3534267496" remote="318763443928354212" Dst="-1" /><file name="boxa.jpg" server="fitcoach.mx" local="3534267577" remote="318763443928354212" Dst="-1" /><file name="basqueta.jpg" server="fitcoach.mx" local="3534267554" remote="318763443928354212" Dst="-1" /></dwsync>