<?xml version="1.0" encoding="utf-8" ?><dwsync><file name="README.md" server="fitcoach.mx" local="3529972950" remote="318763443926676432" Dst="-1" /><file name="package.json" server="fitcoach.mx" local="3529972950" remote="318763443926676432" Dst="-1" /><file name="Makefile" server="fitcoach.mx" local="3529972950" remote="318763443926676432" Dst="-1" /><file name="LICENSE" server="fitcoach.mx" local="3529972950" remote="318763443926676432" Dst="-1" /><file name="instafeed.min.js" server="fitcoach.mx" local="3529972950" remote="318763443926676432" Dst="-1" /><file name="instafeed.js" server="fitcoach.mx" local="3529972950" remote="318763443926676432" Dst="-1" /><file name="bower.json" server="fitcoach.mx" local="3529972950" remote="318763443926676432" Dst="-1" /><file name=".travis.yml" server="fitcoach.mx" local="3529972950" remote="318763443926676432" Dst="-1" /><file name=".gitignore" server="fitcoach.mx" local="3529972950" remote="318763443926676432" Dst="-1" /></dwsync>