<?xml version="1.0" encoding="utf-8" ?><dwsync><file name="404.png" server="fitcoach.mx" local="3508445380" remote="318763443925805952" Dst="-1" /><file name="bx_loader.gif" server="fitcoach.mx" local="3507035022" remote="318763443925805952" Dst="-1" /><file name="controls.png" server="fitcoach.mx" local="3507035020" remote="318763443925805952" Dst="-1" /><file name="logo-black.png" server="fitcoach.mx" local="3532912108" remote="318763443925888932" Dst="-1" /><file name="sprite.svg" server="fitcoach.mx" local="3509043952" remote="318763443925805952" Dst="-1" /><file name="marker.svg" server="fitcoach.mx" local="3508262842" remote="318763443925806012" Dst="-1" /><file name="Logo-FITCOACH.png" server="fitcoach.mx" local="3533499945" remote="318763443928354152" Dst="-1" /><file name="prox.png" server="fitcoach.mx" local="3552836201" remote="318763443945732732" Dst="-1" /><file name="Felicitación-Navidad-y-Año-Nuevo.jpg" server="fitcoach.mx" local="3565367957" remote="318763443958264562" Dst="-1" /></dwsync>