<?xml version="1.0" encoding="utf-8" ?><dwsync><file name="about.jpg" server="fitcoach.mx" local="3552347043" remote="318763443945243552" Dst="-1" /><file name="bg-classes.jpg" server="fitcoach.mx" local="3533762144" remote="318763443926659572" Dst="-1" /><file name="bg-parallax2.jpg" server="fitcoach.mx" local="3552347530" remote="318763443945244032" Dst="-1" /><file name="bg-parallax3.jpg" server="fitcoach.mx" local="3509047176" remote="318763443925805952" Dst="-1" /><file name="cart.jpg" server="fitcoach.mx" local="3509047198" remote="318763443925805952" Dst="-1" /><file name="cartImg.jpg" server="fitcoach.mx" local="3509047226" remote="318763443925805952" Dst="-1" /><file name="cartImg2.jpg" server="fitcoach.mx" local="3509047244" remote="318763443925805952" Dst="-1" /><file name="events.jpg" server="fitcoach.mx" local="3509047296" remote="318763443925805952" Dst="-1" /><file name="catalog.jpg" server="fitcoach.mx" local="3509047278" remote="318763443925805952" Dst="-1" /><file name="eventsItem.jpg" server="fitcoach.mx" local="3509047312" remote="318763443925805952" Dst="-1" /><file name="eventsItem2.jpg" server="fitcoach.mx" local="3509047332" remote="318763443925805952" Dst="-1" /><file name="eventsItem3.jpg" server="fitcoach.mx" local="3509047364" remote="318763443925805952" Dst="-1" /><file name="eventsItem4.jpg" server="fitcoach.mx" local="3509047420" remote="318763443925805952" Dst="-1" /><file name="gallery.jpg" server="fitcoach.mx" local="3509047436" remote="318763443925805952" Dst="-1" /><file name="galleryThumb.jpg" server="fitcoach.mx" local="3509047454" remote="318763443925805952" Dst="-1" /><file name="galleryThumb2.jpg" server="fitcoach.mx" local="3509047468" remote="318763443925805952" Dst="-1" /><file name="galleryThumb3.jpg" server="fitcoach.mx" local="3509047482" remote="318763443925805952" Dst="-1" /><file name="galleryThumb4.jpg" server="fitcoach.mx" local="3509047496" remote="318763443925805952" Dst="-1" /><file name="grid.jpg" server="fitcoach.mx" local="3552346486" remote="318763443945243192" Dst="-1" /><file name="grid2.jpg" server="fitcoach.mx" local="3552346552" remote="318763443945243192" Dst="-1" /><file name="gridbig.jpg" server="fitcoach.mx" local="3532991967" remote="318763443925888992" Dst="-1" /><file name="homeslide.jpg" server="fitcoach.mx" local="3508200111" remote="318763443925888992" Dst="-1" /><file name="inst.jpg" server="fitcoach.mx" local="3509047640" remote="318763443925805952" Dst="-1" /><file name="inst2.jpg" server="fitcoach.mx" local="3509047656" remote="318763443925805952" Dst="-1" /><file name="inst3.jpg" server="fitcoach.mx" local="3509047674" remote="318763443925805952" Dst="-1" /><file name="inst4.jpg" server="fitcoach.mx" local="3509047690" remote="318763443925805952" Dst="-1" /><file name="inst5.jpg" server="fitcoach.mx" local="3509047708" remote="318763443925805952" Dst="-1" /><file name="miniCartImg.jpg" server="fitcoach.mx" local="3509047752" remote="318763443925805952" Dst="-1" /><file name="main.jpg" server="fitcoach.mx" local="3552346416" remote="318763443945243192" Dst="-1" /><file name="miniCartImg2.jpg" server="fitcoach.mx" local="3509047768" remote="318763443925805952" Dst="-1" /><file name="homeslide2.jpg" server="fitcoach.mx" local="3566775515" remote="318763443959672104" Dst="-1" /><file name="nextEvent.jpg" server="fitcoach.mx" local="3509047802" remote="318763443925806012" Dst="-1" /><file name="ourValues1.jpg" server="fitcoach.mx" local="3538488048" remote="318763443931385592" Dst="-1" /><file name="ourValues2.jpg" server="fitcoach.mx" local="3538488420" remote="318763443931385592" Dst="-1" /><file name="postimg.jpg" server="fitcoach.mx" local="3509047908" remote="318763443925805952" Dst="-1" /><file name="postimg01.jpg" server="fitcoach.mx" local="3509047942" remote="318763443925806012" Dst="-1" /><file name="postimg0.jpg" server="fitcoach.mx" local="3509047926" remote="318763443925806012" Dst="-1" /><file name="postimg2.jpg" server="fitcoach.mx" local="3509047960" remote="318763443925805952" Dst="-1" /><file name="postimg3.jpg" server="fitcoach.mx" local="3509047976" remote="318763443925805952" Dst="-1" /><file name="postimg4.jpg" server="fitcoach.mx" local="3509047994" remote="318763443925805952" Dst="-1" /><file name="postimg5.jpg" server="fitcoach.mx" local="3509048012" remote="318763443925805952" Dst="-1" /><file name="postimg6.jpg" server="fitcoach.mx" local="3509048028" remote="318763443925805952" Dst="-1" /><file name="postimg7.jpg" server="fitcoach.mx" local="3509048046" remote="318763443925805952" Dst="-1" /><file name="postimg8.jpg" server="fitcoach.mx" local="3509048064" remote="318763443925805952" Dst="-1" /><file name="postimg9.jpg" server="fitcoach.mx" local="3509048082" remote="318763443925805952" Dst="-1" /><file name="proImg.jpg" server="fitcoach.mx" local="3509048098" remote="318763443925806012" Dst="-1" /><file name="proImg2.jpg" server="fitcoach.mx" local="3509048116" remote="318763443925806012" Dst="-1" /><file name="proImg3.jpg" server="fitcoach.mx" local="3509048132" remote="318763443925806012" Dst="-1" /><file name="proImg4.jpg" server="fitcoach.mx" local="3509048150" remote="318763443925806012" Dst="-1" /><file name="shopitem.jpg" server="fitcoach.mx" local="3509048174" remote="318763443925805952" Dst="-1" /><file name="shopitem0.jpg" server="fitcoach.mx" local="3509048190" remote="318763443925805952" Dst="-1" /><file name="shopitem1.jpg" server="fitcoach.mx" local="3509048210" remote="318763443925805952" Dst="-1" /><file name="shopitem2.jpg" server="fitcoach.mx" local="3509048228" remote="318763443925805952" Dst="-1" /><file name="singleEvent.jpg" server="fitcoach.mx" local="3509048256" remote="318763443925806012" Dst="-1" /><file name="story.jpg" server="fitcoach.mx" local="3552345758" remote="318763443945242472" Dst="-1" /><file name="subscribe.jpg" server="fitcoach.mx" local="3509048298" remote="318763443925805952" Dst="-1" /><file name="team10.png" server="fitcoach.mx" local="3509048444" remote="318763443925805952" Dst="-1" /><file name="team2.jpg" server="fitcoach.mx" local="3509048340" remote="318763443925805952" Dst="-1" /><file name="team3.jpg" server="fitcoach.mx" local="3509048356" remote="318763443925805952" Dst="-1" /><file name="team4.jpg" server="fitcoach.mx" local="3509048376" remote="318763443925805952" Dst="-1" /><file name="team5.jpg" server="fitcoach.mx" local="3509048392" remote="318763443925805952" Dst="-1" /><file name="team6.jpg" server="fitcoach.mx" local="3509048408" remote="318763443925805952" Dst="-1" /><file name="team7.jpg" server="fitcoach.mx" local="3509048424" remote="318763443925805952" Dst="-1" /><file name="video.jpg" server="fitcoach.mx" local="3509048468" remote="318763443925806012" Dst="-1" /><file name="grid2B.jpg" server="fitcoach.mx" local="3552346620" remote="318763443945243192" Dst="-1" /><file name="eventos.jpg" server="fitcoach.mx" local="3535458038" remote="318763443928354692" Dst="-1" /><file name="nosotros.jpg" server="fitcoach.mx" local="3538489169" remote="318763443931385712" Dst="-1" /><file name="ourValues4.jpg" server="fitcoach.mx" local="3538487141" remote="318763443931385592" Dst="-1" /><file name="bg-clases.jpg" server="fitcoach.mx" local="3542904511" remote="318763443935801292" Dst="-1" /><file name="homeslide3.jpg" server="fitcoach.mx" local="3566774531" remote="318763443959671076" Dst="-1" /><file name="homeslide4.jpg" server="fitcoach.mx" local="3566776925" remote="318763443959673868" Dst="-1" /></dwsync>